address,postcode,state,country
060 Morning Avenue,2016,New South Wales,Australia
6 Meadow Vale Court,2153,New South Wales,Australia
0 Holy Cross Court,4211,QLD,Australia
17979 Del Mar Point,2448,New South Wales,Australia
9 Oakridge Court,3216,VIC,Australia
4 Delaware Trail,2210,New South Wales,Australia
49 Londonderry Lane,2650,New South Wales,Australia
97736 7th Trail,2023,New South Wales,Australia
93405 Ludington Park,3044,VIC,Australia
44339 Golden Leaf Alley,4557,QLD,Australia
2 Sutherland Street,3799,VIC,Australia
9 Mcbride Trail,2760,New South Wales,Australia
9861 New Castle Avenue,2428,New South Wales,Australia
52 Moland Street,3331,VIC,Australia
82391 Kensington Lane,3058,VIC,Australia
092 2nd Alley,2135,New South Wales,Australia
59 Spaight Circle,2233,New South Wales,Australia
032 Bartelt Crossing,2444,New South Wales,Australia
18 Jenna Center,2650,New South Wales,Australia
3 Cordelia Plaza,2153,New South Wales,Australia
28 5th Center,4413,QLD,Australia
52 Carey Alley,4740,QLD,Australia
96 Texas Plaza,3218,VIC,Australia
48 Eagan Avenue,4868,QLD,Australia
9 Buell Park,4116,QLD,Australia
02663 Buell Parkway,2519,New South Wales,Australia
2294 Pleasure Place,2135,New South Wales,Australia
2951 Petterle Place,2756,New South Wales,Australia
63 Lukken Drive,2170,New South Wales,Australia
833 Luster Way,4005,QLD,Australia
34 Russell Plaza,4127,QLD,Australia
78 Del Sol Hill,2535,New South Wales,Australia
54 Sage Plaza,4726,QLD,Australia
90 Lawn Parkway,4805,QLD,Australia
38726 Ilene Crossing,2212,New South Wales,Australia
3496 Brown Drive,2207,New South Wales,Australia
7188 Cody Way,3350,VIC,Australia
1 Claremont Park,3931,VIC,Australia
60 Eagan Circle,4018,QLD,Australia
89314 Eagle Crest Center,4670,QLD,Australia
2028 Lakewood Place,2480,New South Wales,Australia
70875 Hudson Point,3212,VIC,Australia
543 Killdeer Park,2322,New South Wales,Australia
22125 Ramsey Drive,3198,VIC,Australia
3107 Calypso Terrace,2210,New South Wales,Australia
957 Veith Junction,2047,New South Wales,Australia
4853 Gulseth Avenue,4503,QLD,Australia
9 Michigan Terrace,2145,New South Wales,Australia
62 Steensland Road,4350,QLD,Australia
6 Homewood Avenue,2142,New South Wales,Australia
15 Almo Lane,2029,New South Wales,Australia
690 Glacier Hill Circle,2127,New South Wales,Australia
89787 Village Green Terrace,4280,QLD,Australia
18 Elgar Park,2166,New South Wales,Australia
413 Mayer Street,2046,New South Wales,Australia
39 3rd Drive,2026,New South Wales,Australia
44516 Katie Parkway,2765,New South Wales,Australia
41 Schurz Center,2749,New South Wales,Australia
68150 Boyd Road,2745,New South Wales,Australia
11474 Westend Hill,3752,VIC,Australia
308 Jana Crossing,2153,New South Wales,Australia
163 Straubel Trail,2217,New South Wales,Australia
68294 Clarendon Crossing,2230,New South Wales,Australia
486 Mariners Cove Plaza,3046,VIC,Australia
0322 Dryden Court,3183,VIC,Australia
9 Bonner Road,2070,New South Wales,Australia
07041 Briar Crest Lane,2213,New South Wales,Australia
29466 Hanson Pass,4208,QLD,Australia
0212 Forest Run Trail,2774,New South Wales,Australia
33055 Menomonie Parkway,4133,QLD,Australia
4763 Merchant Avenue,2756,New South Wales,Australia
439 Ridgeway Court,4213,QLD,Australia
2 Clyde Gallagher Lane,4170,QLD,Australia
97455 Loeprich Lane,2153,New South Wales,Australia
9527 Ridgeway Street,2073,New South Wales,Australia
7 Jackson Point,3561,VIC,Australia
74 Anniversary Junction,2330,New South Wales,Australia
2083 Spaight Court,3977,VIC,Australia
2796 Caliangt Circle,2204,New South Wales,Australia
96061 Ludington Place,2086,New South Wales,Australia
5037 Merchant Crossing,2226,New South Wales,Australia
289 Haas Street,2075,New South Wales,Australia
4423 Bartelt Parkway,2038,New South Wales,Australia
5 Grim Center,2069,New South Wales,Australia
73042 Roth Crossing,2100,New South Wales,Australia
171 Fordem Junction,2233,New South Wales,Australia
2640 Manley Point,2166,New South Wales,Australia
3 Hintze Pass,3133,VIC,Australia
2 Mcbride Road,3070,VIC,Australia
67234 Transport Hill,2777,New South Wales,Australia
72 Dorton Crossing,3133,VIC,Australia
6 Heffernan Center,2125,New South Wales,Australia
6088 Roxbury Hill,2766,New South Wales,Australia
105 Shelley Alley,2209,New South Wales,Australia
079 Merry Park,2160,New South Wales,Australia
8722 Summit Alley,2065,New South Wales,Australia
9554 Artisan Pass,2150,New South Wales,Australia
55850 Butterfield Road,2168,New South Wales,Australia
68 Little Fleur Crossing,2046,New South Wales,Australia
85688 New Castle Crossing,4171,QLD,Australia
8611 Loomis Lane,2155,New South Wales,Australia
7909 Pierstorff Crossing,2517,New South Wales,Australia
01 Muir Parkway,2096,New South Wales,Australia
0410 Division Junction,2750,New South Wales,Australia
41 Service Lane,2217,New South Wales,Australia
5 Moose Road,3977,VIC,Australia
7342 Fieldstone Junction,2093,New South Wales,Australia
0 David Terrace,3204,VIC,Australia
15239 Northwestern Point,4300,QLD,Australia
60 Oneill Street,2170,New South Wales,Australia
8194 Sachtjen Drive,3844,VIC,Australia
0349 Farmco Terrace,2168,New South Wales,Australia
185 Pennsylvania Way,4226,QLD,Australia
432 Longview Circle,3192,VIC,Australia
5814 Bunker Hill Street,3070,VIC,Australia
7 Carberry Crossing,2485,New South Wales,Australia
53 Talisman Trail,2097,New South Wales,Australia
5 Prairie Rose Road,4817,QLD,Australia
84 Florence Parkway,2516,New South Wales,Australia
739 Elmside Way,3074,VIC,Australia
684 Northport Circle,2213,New South Wales,Australia
8 Hagan Hill,4508,QLD,Australia
0 Pearson Crossing,4405,QLD,Australia
10918 Merry Way,2452,New South Wales,Australia
97 Coolidge Trail,2142,New South Wales,Australia
58 Helena Hill,2205,New South Wales,Australia
352 Forster Place,4132,QLD,Australia
12306 Lawn Street,2145,New South Wales,Australia
19392 7th Trail,4744,QLD,Australia
1605 Northfield Junction,2158,New South Wales,Australia
9674 Graceland Junction,3201,VIC,Australia
638 Thackeray Junction,4178,QLD,Australia
869 Forster Circle,2112,New South Wales,Australia
0 Golden Leaf Crossing,2033,New South Wales,Australia
215 Lindbergh Trail,4401,QLD,Australia
829 Washington Crossing,3186,VIC,Australia
585 Loomis Court,2097,New South Wales,Australia
68063 Blue Bill Park Center,3058,VIC,Australia
15673 Farmco Point,4017,QLD,Australia
22 Oxford Junction,2315,New South Wales,Australia
7245 Cottonwood Center,2285,New South Wales,Australia
20382 Spohn Alley,2219,New South Wales,Australia
12375 Cambridge Pass,2065,New South Wales,Australia
03 Granby Parkway,3216,VIC,Australia
939 Coleman Pass,4509,QLD,Australia
69914 Bowman Place,2330,NSW,Australia
34457 Springview Street,2759,NSW,Australia
992 Old Shore Trail,2069,NSW,Australia
453 Sheridan Street,2747,NSW,Australia
8 Mccormick Crossing,2227,NSW,Australia
63344 Holmberg Crossing,2025,NSW,Australia
9 Huxley Circle,3191,VIC,Australia
0 Hazelcrest Road,3025,VIC,Australia
2 Continental Plaza,2263,NSW,Australia
80 Duke Terrace,2233,NSW,Australia
860 Hintze Lane,2154,NSW,Australia
3723 Bunker Hill Circle,2065,NSW,Australia
5 Corry Court,2119,NSW,Australia
65105 Sommers Pass,3016,VIC,Australia
2054 Sommers Pass,4113,QLD,Australia
22371 Miller Trail,2032,NSW,Australia
35807 Oneill Way,4300,QLD,Australia
75612 Clarendon Junction,4352,QLD,Australia
16 Golf View Center,3020,VIC,Australia
93 Iowa Junction,2116,NSW,Australia
48 Cascade Terrace,3057,VIC,Australia
13950 Jackson Avenue,2099,NSW,Australia
35386 Mockingbird Road,3749,VIC,Australia
2 Randy Point,2766,NSW,Australia
6898 Redwing Park,2148,NSW,Australia
52273 Bay Place,3145,VIC,Australia
272 Montana Avenue,2021,NSW,Australia
82520 Mifflin Drive,2333,NSW,Australia
8 Dixon Parkway,2783,NSW,Australia
4 Dayton Terrace,2280,NSW,Australia
216 Barnett Junction,4120,QLD,Australia
8256 Annamark Court,3638,VIC,Australia
83012 Dapin Lane,4300,QLD,Australia
8 Haas Park,2074,NSW,Australia
50 Meadow Ridge Way,2880,NSW,Australia
3567 Northfield Lane,2430,NSW,Australia
0059 Brentwood Road,4560,QLD,Australia
0274 Oneill Alley,2088,NSW,Australia
4179 Carioca Terrace,2220,NSW,Australia
59265 Sullivan Junction,3031,VIC,Australia
7 Warbler Point,2250,NSW,Australia
3 Buell Park,2261,NSW,Australia
0 Bay Center,3196,VIC,Australia
10878 Waywood Way,4352,QLD,Australia
362 Mayer Terrace,4680,QLD,Australia
43 Upham Crossing,3143,VIC,Australia
0 Superior Drive,2747,NSW,Australia
8890 Golden Leaf Street,2063,NSW,Australia
5484 Hagan Crossing,3021,VIC,Australia
7451 Jana Lane,2138,NSW,Australia
7 Havey Point,4005,QLD,Australia
32 Steensland Plaza,2233,NSW,Australia
107 Elmside Parkway,4811,QLD,Australia
2 Gina Junction,2085,NSW,Australia
4 Londonderry Lane,3084,VIC,Australia
39716 Vera Junction,3170,VIC,Australia
